Model,RMSE,MAE,R2,MAPE
XGBoost,694534.1955838784,270920.21928746917,0.9189981877798616,7.551146731635691
