Model,RMSE,MAE,R2,MAPE
XGBoost,887083.5781196238,291724.7825552826,0.867859316767075,8.428646683414632
