Model,RMSE,MAE,R2,MAPE
XGBoost,997666.545450142,302097.8857493857,0.8328608121416405,8.23528257410254
