Model,RMSE,MAE,R2,MAPE
XGBoost,348561.47435342835,194739.38183333335,0.9461955575255384,7.688685745438721
RidgeCV,556074.4159233695,300440.15263235243,0.863061616645959,10.19611184808791
LassoCV,560129.9917987093,307701.8993156989,0.8610568878351449,10.542886158028363
ElasticNetCV,560289.9074509173,307766.433763805,0.8609775407175623,10.544641399390288
