Model,RMSE,MAE,R2,MAPE
XGBoost,380954.7045424975,194292.2833333335,0.9357303329398784,7.000255854793516
RidgeCV,555101.8378534262,299727.3985739661,0.8635402101418502,10.167425604333639
LassoCV,560069.8841926266,307249.3822219568,0.8610867062339951,10.53069130403988
ElasticNetCV,560321.7717420819,307348.1894182262,0.8609617275536008,10.532968343838824
